{
    "newg180": {
        "gain": [
            181.38252951812666,
            181.68922680554016,
            181.9497024756988,
            182.46765692068846,
            181.25946298434604,
            181.0280981307654,
            180.80067635424209,
            180.43748186173985,
            179.89016706227116,
            179.8337629063515,
            179.00179381599403,
            178.72165388506647,
            177.61780319319155,
            176.3353708475552,
            175.34278572228703,
            174.22525141391188
        ],
        "phase": [
            -0.06738126939749889,
            -0.1467471756302834,
            -0.1495107260523263,
            -0.17384981970832603,
            -0.2140852382648648,
            -0.23872976102776855,
            -0.27165775409860626,
            -0.30371609170047553,
            -0.33942869303788803,
            -0.39095311100437935,
            -0.41592424760335156,
            -0.45375032637816337,
            -0.4900745007808015,
            -0.5343277454404249,
            -0.5716723352235936,
            -0.6111882293028771
        ]
    },
    "gain180": {
        "gain": [
            181.6536993666521,
            181.10908318947835,
            180.96822135880151,
            181.32461127420774,
            180.54012545048073,
            179.36427365243014,
            178.56808980776844,
            177.76632097606324,
            176.72510785593596,
            175.35433526281867,
            173.97188127573085,
            172.3127814993842,
            173.2785831431388,
            171.9525155635197,
            168.88238440784636,
            165.81941763054135
        ],
        "phase": [
            -0.06601212805878331,
            -0.12721876189398573,
            -0.1584195332376433,
            -0.1973838806515399,
            -0.24759727592575015,
            -0.2869595436099721,
            -0.3296561683691794,
            -0.37324212271169954,
            -0.4168363040878188,
            -0.4618969130295626,
            -0.5066787394367782,
            -0.5534725794937043,
            -0.5416377211612278,
            -0.5730901362933916,
            -0.6683183409757013,
            -0.7514780473694331
        ]
    },
    "gain1": {
        "gain": [
            0.9513819959418973,
            0.9463947416868762,
            0.9520177501876951,
            0.953709070967034,
            0.9537698470654291,
            0.9530382833871122,
            0.9522255201956997,
            0.954260321959585,
            0.9546127135093464,
            0.9559477882195507,
            0.9589102019192043,
            0.9589328190616203,
            0.9622162366585242,
            0.9642881683729931,
            0.9673066979017761,
            0.969709262712179
        ],
        "phase": [
            -0.03130736957509228,
            -0.042697382039645904,
            -0.05521002522907037,
            -0.06380643150620924,
            -0.07809396637531907,
            -0.10660251679810528,
            -0.09721804266460055,
            -0.10800869930288926,
            -0.10500613621006805,
            -0.13226221765796375,
            -0.14580895121620063,
            -0.15907365431721843,
            -0.17327693884703654,
            -0.19743723217832376,
            -0.2214796745548151,
            -0.2480693658633879
        ]
    },
    "lowg": {
        "gain": [
            0.5971666596069256,
            0.9744872179022416,
            0.9718756602648132,
            0.9699455827450802,
            0.9703643762865761,
            0.9643701255783912,
            0.9636871608886713,
            0.9606462808534766,
            0.9583426620171196,
            0.9565969253842098,
            0.9329721736958403,
            0.9512475723964606,
            0.9501777210348147,
            0.9444345743958644,
            0.9377785945850461,
            0.9313174348425736
        ],
        "phase": [
            -0.0493457550382157,
            -0.10021537319108287,
            -0.11314947360568861,
            -0.13725856389063829,
            -0.16356325583326803,
            -0.18042384731705008,
            -0.21744652953525279,
            -0.22181631774375177,
            -0.2451561834154079,
            -0.2667650364216836,
            -0.29582125146413496,
            -0.30484543824006116,
            -0.3262611601842542,
            -0.35160588853579555,
            -0.38799121275596393,
            -0.43843537273253164
        ]
    }
}