{
    "newg180": {
        "gain": [
            181.3543090524541,
            181.6666577471013,
            181.98987773598154,
            182.44637898890278,
            181.2782672234948,
            181.06746836117568,
            180.80890299778483,
            180.4478936723798,
            179.86601911922006,
            179.78346755616306,
            179.0020441614513,
            178.77605129019642,
            177.55150321354336,
            176.44388707120245,
            175.47879672378792,
            174.27611799846943
        ],
        "phase": [
            -0.06748649568506027,
            -0.1466517269121872,
            -0.14924829495121394,
            -0.1742450721489166,
            -0.214010158725916,
            -0.23836683862054397,
            -0.27168064939747216,
            -0.30394040007468837,
            -0.3393521634905359,
            -0.3915263623197718,
            -0.41590459466982876,
            -0.4536583526321867,
            -0.48978652376978427,
            -0.5342714039718351,
            -0.572295913980371,
            -0.6114043428176017
        ]
    },
    "gain180": {
        "gain": [
            181.65258212764627,
            181.1075756892201,
            180.96761492161406,
            181.32261766753456,
            180.5391444475908,
            179.3652550871612,
            178.55916323253933,
            177.75570950255047,
            176.71052827990584,
            175.35615159449142,
            173.95371920382556,
            172.29279573837087,
            173.29185951417304,
            171.9438412856063,
            168.85361285917372,
            165.77169335499838
        ],
        "phase": [
            -0.06602523110023162,
            -0.12723622174367533,
            -0.15842502848898354,
            -0.19739506350189168,
            -0.247610493153129,
            -0.28698917347015107,
            -0.32970828156593823,
            -0.3733058162799793,
            -0.4169160644793384,
            -0.46196613689658644,
            -0.5067672468889871,
            -0.5535745477570535,
            -0.5412481798377415,
            -0.5733885435211515,
            -0.6687159553358353,
            -0.7519317977755028
        ]
    },
    "gain1": {
        "gain": [
            0.951382631145606,
            0.9463936228523454,
            0.9520283677104671,
            0.953727160828663,
            0.9538077774904693,
            0.9531150544486235,
            0.9522969232940652,
            0.9543488112210926,
            0.9544931346369375,
            0.9562011094580166,
            0.9585938816516248,
            0.9593129021671187,
            0.961756707093058,
            0.9647821688264187,
            0.9680274140746308,
            0.9704896814980485
        ],
        "phase": [
            -0.031297185299478114,
            -0.04273513256495165,
            -0.05526177702682644,
            -0.06376319673610564,
            -0.07810117638179537,
            -0.10653415521545462,
            -0.09721859571070168,
            -0.10806324072629758,
            -0.1050020464440593,
            -0.13239144083660825,
            -0.14578422592085194,
            -0.1591775129587416,
            -0.17326599068286752,
            -0.19762634325235284,
            -0.22106624865868119,
            -0.24791468664088523
        ]
    },
    "lowg": {
        "gain": [
            0.5971637616663652,
            0.9745035798657431,
            0.9718957604467197,
            0.9699792142177178,
            0.9704655765369279,
            0.9644873737877477,
            0.9638591076035877,
            0.9608243917772378,
            0.9577952917907352,
            0.9571266084655281,
            0.9323261274947866,
            0.9518950894442817,
            0.9493128147461604,
            0.9452992811040625,
            0.938906924020682,
            0.9344514914100521
        ],
        "phase": [
            -0.049342873929533404,
            -0.10020731880590716,
            -0.11317225489479688,
            -0.13726316080165035,
            -0.16355637545058,
            -0.18045765911386158,
            -0.21743212581030313,
            -0.2218805267064028,
            -0.24504834232692918,
            -0.2669062809169891,
            -0.29568188609592316,
            -0.3052316288029193,
            -0.326075576835404,
            -0.3519938110437497,
            -0.38821818617450066,
            -0.4395651486416845
        ]
    },
    "supernew180": {
        "gain": [
            181.2099232485082,
            180.68865490336012,
            180.64778497480688,
            180.96849336412308,
            179.70966372210216,
            178.26668268164195,
            177.34180225718387,
            176.3296974619454,
            174.87168348804028,
            173.6735625349452,
            173.16994623649884,
            171.8719604894249,
            173.1336657060375,
            171.16028681640546,
            169.02273022815538,
            167.18063677201727
        ],
        "phase": [
            -0.08159529547103739,
            -0.15881463812814195,
            -0.19358295692792826,
            -0.20802997008430385,
            -0.27575592633330676,
            -0.3095059401962469,
            -0.3464683880606993,
            -0.3842653164691549,
            -0.4148475487201174,
            -0.45180656288845894,
            -0.4833261818812955,
            -0.5175500814008418,
            -0.5378882347519486,
            -0.5779984528853408,
            -0.6890624371027375,
            -0.7154335214873815
        ]
    },
    "new1": {
        "gain": [
            0.9784658671460079,
            0.9726324006801788,
            0.9717934361009043,
            0.9721234851216708,
            0.970524858887041,
            0.9666757297418676,
            0.9662962201984243,
            0.9662941968251115,
            0.9644803134993992,
            0.9642451371771571,
            0.9621404639432841,
            0.9620184607379398,
            0.9591252261221346,
            0.9598755901351663,
            0.9574907044408518,
            0.9567952016479097
        ],
        "phase": [
            -0.039465598980227945,
            -0.07390918314800698,
            -0.09094069409756855,
            -0.10787397415107369,
            -0.12933481069882635,
            -0.14344615634898683,
            -0.16040116019028616,
            -0.17754971188891533,
            -0.1951531822732182,
            -0.2119626743907157,
            -0.22970076150753593,
            -0.246502585593793,
            -0.2650539377724841,
            -0.28175543940713155,
            -0.31703108313928086,
            -0.35224142299623074
        ]
    },
    "supernew1": {
        "gain": [
            0.9766547539586383,
            0.9759428739503936,
            0.976503148656411,
            0.9776186009902685,
            0.978008048358281,
            0.9756844662273246,
            0.9773525367526221,
            0.9787829027975152,
            0.9795368860730488,
            0.9809310014936778,
            0.9819914311793891,
            0.9840515289674945,
            0.9851596242297512,
            0.9872141818158785,
            0.9910731331821786,
            0.9948433869961053
        ],
        "phase": [
            -0.02048533479372816,
            -0.03678564689693542,
            -0.0450864753645428,
            -0.05374916304950905,
            -0.06630404502059895,
            -0.07241017621011259,
            -0.07968080373762665,
            -0.08912068156964614,
            -0.09806465168623668,
            -0.10768674689702862,
            -0.1174897867310476,
            -0.12651726080553938,
            -0.13688269263204966,
            -0.14590344585085502,
            -0.16656249471527818,
            -0.18826534122812633
        ]
    },